      1.0,    0.00,   200.0
      2.0,    0.00,   200.0
      3.0,    0.00,   200.0
      4.0,    0.00,   200.0
      5.0,    0.00,   200.0
      6.0,    0.00,   200.0
      7.0,    0.00,   200.0
      8.0,    0.00,   200.0
      9.0,    0.00,   200.0
     10.0,    0.00,   200.0
     11.0,    0.00,   200.0
     12.0,    0.00,   200.0
     13.0,    0.00,   200.0
     14.0,    0.00,   200.0
     15.0,    0.00,   200.0
     16.0,    0.00,   200.0
     17.0,    0.00,   200.0
     18.0,    0.00,   200.0
     19.0,    0.00,   200.0
     20.0,    0.00,   200.0
     21.0,    0.00,   200.0
     22.0,    0.00,   200.0
     23.0,    0.00,   200.0
     24.0,    0.00,   200.0
     25.0,    0.00,   200.0
     26.0,    0.00,   200.0
     27.0,    0.00,   200.0
     28.0,    0.00,   200.0
     29.0,    0.00,   200.0
     30.0,    0.00,   200.0
     31.0,    0.00,   200.0
     32.0,    0.00,   200.0
     33.0,    0.00,   200.0
     34.0,    0.00,   200.0
     35.0,    0.00,   200.0
     36.0,    0.00,   200.0
     37.0,    0.00,   200.0
     38.0,    0.00,   200.0
     39.0,    0.00,   200.0
     40.0,    0.00,   200.0
     41.0,    0.00,   200.0
     42.0,    0.00,   200.0
     43.0,    0.00,   200.0
     44.0,    0.00,   200.0
     45.0,    0.00,   200.0
     46.0,    0.00,   200.0
     47.0,    0.00,   200.0
     48.0,    0.00,   200.0
     49.0,    0.00,   200.0
     50.0,    0.00,   200.0
     51.0,    0.00,   200.0
     52.0,    0.00,   200.0
     53.0,    0.00,   201.0
     54.0,    0.00,   201.9
     55.0,    0.00,   201.9
     56.0,    0.46,   201.0
     57.0,    1.32,   200.0
     58.0,    2.21,   200.0
     59.0,    4.24,   200.1
     60.0,    5.64,   200.1
     61.0,    5.54,   203.9
     62.0,    5.45,   207.0
     63.0,    5.36,   210.6
     64.0,    5.45,   211.6
     65.0,    5.25,   219.6
     66.0,    5.02,   230.0
     67.0,    4.97,   232.1
     68.0,    6.04,   216.4
     69.0,    6.33,   214.3
     70.0,    6.83,   209.8
     71.0,    7.74,   201.6
     72.0,    8.17,   200.2
     73.0,    7.99,   204.8
     74.0,    7.84,   208.8
     75.0,    7.70,   212.5
     76.0,    7.76,   214.1
     77.0,    7.63,   217.6
     78.0,    7.90,   216.8
     79.0,    8.14,   216.6
     80.0,    8.55,   215.1
     81.0,    8.39,   219.3
     82.0,    8.41,   221.7
     83.0,    8.25,   226.0
     84.0,    8.12,   229.6
     85.0,    8.03,   232.3
     86.0,    7.95,   234.7
     87.0,    7.86,   237.3
     88.0,    7.78,   239.7
     89.0,    7.71,   242.0
     90.0,    7.64,   244.1
     91.0,    7.58,   245.9
     92.0,    8.25,   238.4
     93.0,    8.74,   233.7
     94.0,    8.68,   235.2
     95.0,    8.63,   236.7
     96.0,    9.68,   226.8
     97.0,    9.77,   227.3
     98.0,    9.66,   229.8
     99.0,    9.56,   232.2
    100.0,   10.38,   226.1
    101.0,   10.43,   227.4
    102.0,   10.32,   229.9
    103.0,   10.23,   231.9
    104.0,   10.16,   233.5
    105.0,   10.10,   235.0
    106.0,   10.04,   236.3
    107.0,   10.16,   236.1
    108.0,   10.62,   233.0
    109.0,   16.29,   200.2
    110.0,   15.61,   209.0
    111.0,   15.96,   210.7
    112.0,   17.54,   207.7
    113.0,   17.08,   216.3
    114.0,   18.28,   217.3
    115.0,   17.73,   225.5
    116.0,   17.46,   230.5
    117.0,   17.19,   234.1
    118.0,   17.17,   235.8
    119.0,   17.33,   236.6
    120.0,   17.14,   239.2
    121.0,   17.03,   240.7
    122.0,   16.93,   242.2
    123.0,   17.50,   240.1
    124.0,   17.37,   241.9
    125.0,   17.27,   243.3
    126.0,   17.17,   244.7
    127.0,   17.09,   245.9
    128.0,   17.02,   246.8
    129.0,   16.94,   248.0
    130.0,   16.85,   249.3
    131.0,   17.11,   248.6
    132.0,   17.36,   247.9
    133.0,   17.29,   249.0
    134.0,   17.56,   248.0
    135.0,   17.46,   249.4
    136.0,   17.53,   249.9
    137.0,   17.43,   251.2
    138.0,   17.35,   252.4
    139.0,   17.28,   253.4
    140.0,   17.21,   254.5
    141.0,   17.28,   254.8
    142.0,   17.15,   256.9
    143.0,   17.01,   258.9
    144.0,   16.94,   260.0
    145.0,   16.90,   260.7
    146.0,   16.86,   261.3
    147.0,   16.81,   262.0
    148.0,   16.77,   262.7
    149.0,   16.73,   263.2
    150.0,   16.87,   262.6
    151.0,   16.83,   263.3
    152.0,   16.78,   264.0
    153.0,   16.75,   264.6
    154.0,   16.71,   265.1
    155.0,   18.52,   254.2
    156.0,   18.41,   255.8
    157.0,   18.28,   257.7
    158.0,   18.30,   258.7
    159.0,   19.17,   255.0
    160.0,   19.03,   256.8
    161.0,   18.93,   258.2
    162.0,   18.74,   260.8
    163.0,   18.52,   263.9
    164.0,   18.38,   265.9
    165.0,   18.30,   267.1
    166.0,   18.23,   268.0
    167.0,   18.18,   268.9
    168.0,   18.12,   269.8
    169.0,   18.38,   268.7
    170.0,   18.31,   269.7
    171.0,   18.26,   270.5
    172.0,   18.22,   271.1
    173.0,   18.18,   271.6
    174.0,   18.16,   271.9
    175.0,   18.14,   272.2
    176.0,   18.12,   272.5
    177.0,   18.11,   272.7
    178.0,   18.09,   273.0
    179.0,   18.07,   273.3
    180.0,   18.04,   273.8
    181.0,   18.00,   274.3
    182.0,   17.95,   275.1
    183.0,   17.87,   276.3
    184.0,   17.78,   277.8
    185.0,   17.70,   279.0
    186.0,   17.77,   279.3
    187.0,   17.70,   280.4
    188.0,   17.65,   281.3
    189.0,   17.59,   282.2
    190.0,   17.54,   283.0
    191.0,   17.51,   283.5
    192.0,   17.78,   282.1
    193.0,   17.72,   283.0
    194.0,   17.98,   281.8
    195.0,   18.09,   281.4
    196.0,   18.05,   282.0
    197.0,   18.33,   280.5
    198.0,   19.08,   276.1
    199.0,   19.05,   276.6
    200.0,   19.33,   275.2
    201.0,   19.26,   276.1
    202.0,   20.64,   268.8
    203.0,   20.55,   269.9
    204.0,   20.50,   270.6
    205.0,   20.93,   268.7
    206.0,   20.87,   269.5
    207.0,   23.22,   258.7
    208.0,   24.68,   254.6
    209.0,   25.80,   252.4
    210.0,   25.60,   254.5
    211.0,   25.48,   255.6
    212.0,   25.35,   256.9
    213.0,   26.85,   252.0
    214.0,   26.61,   254.3
    215.0,   26.46,   255.7
    216.0,   26.33,   257.0
    217.0,   26.15,   258.8
    218.0,   25.94,   260.9
    219.0,   25.73,   263.0
    220.0,   25.58,   264.5
    221.0,   25.47,   265.7
    222.0,   25.34,   267.1
    223.0,   25.20,   268.5
    224.0,   25.10,   269.5
    225.0,   25.04,   270.3
    226.0,   24.97,   271.0
    227.0,   24.88,   272.0
    228.0,   24.96,   272.2
    229.0,   24.88,   273.0
    230.0,   24.81,   273.8
    231.0,   24.72,   274.8
    232.0,   24.59,   276.3
    233.0,   24.44,   278.0
    234.0,   24.29,   279.6
    235.0,   24.13,   281.5
    236.0,   24.00,   283.0
    237.0,   23.87,   284.5
    238.0,   23.75,   285.9
    239.0,   24.28,   283.9
    240.0,   24.19,   285.0
    241.0,   24.10,   286.0
    242.0,   26.07,   277.1
    243.0,   25.97,   278.2
    244.0,   25.87,   279.2
    245.0,   25.78,   280.2
    246.0,   25.70,   281.1
    247.0,   25.60,   282.2
    248.0,   25.50,   283.3
    249.0,   25.43,   284.1
    250.0,   25.35,   284.9
    251.0,   25.27,   285.8
    252.0,   25.19,   286.8
    253.0,   25.11,   287.7
    254.0,   25.03,   288.6
    255.0,   24.95,   289.5
    256.0,   24.87,   290.5
    257.0,   24.79,   291.4
    258.0,   24.70,   292.4
    259.0,   24.60,   293.6
    260.0,   24.46,   295.4
    261.0,   24.27,   297.7
    262.0,   24.12,   299.5
    263.0,   24.16,   300.1
    264.0,   24.07,   301.2
    265.0,   24.00,   302.1
    266.0,   23.92,   303.1
    267.0,   23.84,   304.1
    268.0,   23.90,   304.4
    269.0,   23.81,   305.6
    270.0,   23.72,   306.7
    271.0,   23.64,   307.8
    272.0,   23.56,   308.8
    273.0,   23.47,   309.9
    274.0,   23.39,   311.1
    275.0,   23.45,   311.3
    276.0,   23.80,   309.9
    277.0,   23.70,   311.3
    278.0,   23.62,   312.4
    279.0,   23.54,   313.4
    280.0,   23.45,   314.6
    281.0,   23.50,   315.0
    282.0,   23.40,   316.3
    283.0,   23.45,   316.7
    284.0,   23.50,   317.1
    285.0,   23.53,   317.8
    286.0,   23.41,   319.5
    287.0,   23.29,   321.1
    288.0,   23.16,   322.9
    289.0,   23.15,   324.2
    290.0,   23.00,   326.2
    291.0,   22.87,   328.1
    292.0,   22.73,   330.1
    293.0,   22.59,   332.2
    294.0,   20.80,   354.8
    295.0,   19.17,   372.2
    296.0,   18.23,   385.5
    297.0,   17.22,   395.6
    298.0,   16.12,   403.0
    299.0,   15.47,   408.5
    300.0,   14.87,   412.6
    301.0,   14.31,   415.6
    302.0,   13.84,   417.7
    303.0,   13.16,   419.1
    304.0,   12.38,   419.9
    305.0,   12.18,   420.3
    306.0,   12.17,   420.5
    307.0,   12.16,   420.7
    308.0,   11.97,   420.9
    309.0,   11.39,   420.9
    310.0,   10.92,   420.9
    311.0,   10.74,   420.9
    312.0,   10.68,   421.0
    313.0,   10.67,   421.1
    314.0,   10.54,   421.1
    315.0,   10.49,   421.2
    316.0,   10.70,   417.7
    317.0,   10.35,   417.9
    318.0,    9.36,   417.9
    319.0,    8.00,   417.9
    320.0,    5.86,   417.9
    321.0,    2.78,   417.9
    322.0,    0.00,   417.9
    323.0,    0.00,   200.0
    324.0,    0.00,   200.0
    325.0,    0.00,   200.0
    326.0,    0.00,   200.0
    327.0,    0.00,   200.0
    328.0,    0.00,   200.0
    329.0,    0.00,   200.0
    330.0,    0.00,   200.0
    331.0,    0.00,   200.0
    332.0,    0.00,   200.0
    333.0,    0.00,   200.0
    334.0,    0.00,   200.0
    335.0,    0.00,   200.0
    336.0,    0.00,   200.0
    337.0,    0.00,   200.0
    338.0,    0.00,   200.0
    339.0,    0.00,   200.0
    340.0,    0.00,   200.0
    341.0,    0.00,   200.0
    342.0,    0.00,   200.0
    343.0,    0.00,   200.0
    344.0,    0.00,   200.0
    345.0,    0.00,   200.0
    346.0,    0.00,   200.0
    347.0,    0.00,   200.0
    348.0,    0.00,   200.0
    349.0,    0.00,   200.0
    350.0,    0.00,   200.0
    351.0,    0.00,   200.0
    352.0,    0.00,   200.0
    353.0,    0.00,   200.0
    354.0,    0.00,   200.0
    355.0,    0.00,   200.0
    356.0,    0.00,   200.0
    357.0,    0.00,   200.0
    358.0,    0.00,   200.0
    359.0,    0.00,   200.0
    360.0,    0.00,   200.0
    361.0,    0.00,   200.0
    362.0,    0.00,   200.0
    363.0,    0.00,   200.0
    364.0,    0.00,   200.0
    365.0,    0.00,   200.0
    366.0,    0.00,   200.0
    367.0,    0.00,   200.0
    368.0,    0.00,   200.0
    369.0,    0.00,   200.0
    370.0,    0.00,   200.0
    371.0,    0.00,   200.0
    372.0,    0.00,   200.0
    373.0,    0.00,   200.0
    374.0,    0.00,   200.0
    375.0,    0.00,   200.0
    376.0,    0.00,   200.0
    377.0,    0.00,   200.0
    378.0,    0.00,   200.0
    379.0,    0.00,   200.0
    380.0,    0.00,   200.0
    381.0,    0.00,   200.0
    382.0,    0.00,   200.0
    383.0,    0.00,   200.0
    384.0,    0.00,   200.0
    385.0,    0.00,   200.0
    386.0,    0.00,   200.0
    387.0,    0.00,   200.0
    388.0,    0.00,   200.0
    389.0,    0.00,   200.0
    390.0,    0.00,   200.0
    391.0,    0.00,   200.0
    392.0,    0.00,   200.0
    393.0,    0.00,   200.0
    394.0,    0.00,   200.0
    395.0,    0.00,   200.0
    396.0,    0.00,   200.0
    397.0,    0.00,   200.0
    398.0,    0.00,   200.0
    399.0,    0.00,   200.0
    400.0,    0.00,   200.0
    401.0,    0.00,   200.0
    402.0,    0.00,   200.0
    403.0,    0.00,   200.0
    404.0,    0.00,   200.0
    405.0,    0.00,   200.0
    406.0,    0.00,   200.0
    407.0,    0.00,   200.0
    408.0,    0.00,   200.0
    409.0,    0.00,   200.0
    410.0,    0.00,   200.0
    411.0,    0.00,   200.0
    412.0,    0.00,   200.0
    413.0,    0.00,   200.0
    414.0,    0.00,   200.0
    415.0,    0.00,   200.0
    416.0,    0.00,   200.0
    417.0,    0.00,   200.0
    418.0,    0.00,   200.0
    419.0,    0.00,   200.0
    420.0,    0.00,   201.0
    421.0,    0.34,   201.0
    422.0,    0.95,   201.6
    423.0,    1.82,   202.0
    424.0,    1.60,   229.0
    425.0,    1.77,   221.6
    426.0,    2.59,   200.0
    427.0,    4.12,   200.1
    428.0,    4.06,   202.8
    429.0,    5.01,   200.1
    430.0,    6.40,   200.1
    431.0,    6.47,   202.1
    432.0,    6.56,   202.9
    433.0,    6.45,   206.5
    434.0,    6.33,   210.5
    435.0,    7.93,   200.1
    436.0,    7.97,   202.0
    437.0,    8.01,   204.2
    438.0,    7.84,   208.7
    439.0,    8.46,   205.5
    440.0,    8.43,   209.1
    441.0,    8.76,   210.0
    442.0,    9.99,   204.6
    443.0,   10.19,   208.0
    444.0,   11.09,   207.2
    445.0,   11.07,   212.1
    446.0,   12.36,   208.5
    447.0,   12.64,   211.9
    448.0,   13.17,   212.9
    449.0,   13.01,   217.6
    450.0,   12.92,   221.1
    451.0,   13.61,   219.1
    452.0,   13.34,   223.6
    453.0,   13.46,   225.5
    454.0,   13.39,   228.4
    455.0,   13.37,   230.7
    456.0,   14.08,   228.0
    457.0,   14.71,   227.0
    458.0,   15.61,   225.3
    459.0,   15.53,   229.7
    460.0,   15.90,   230.7
    461.0,   16.18,   231.4
    462.0,   16.16,   233.4
    463.0,   15.99,   235.8
    464.0,   15.84,   238.1
    465.0,   15.71,   240.0
    466.0,   15.59,   241.8
    467.0,   15.96,   241.0
    468.0,   15.79,   243.6
    469.0,   15.67,   245.4
    470.0,   15.57,   247.1
    471.0,   15.46,   248.9
    472.0,   15.33,   250.9
    473.0,   15.37,   251.9
    474.0,   15.26,   253.7
    475.0,   15.18,   255.0
    476.0,   15.43,   254.2
    477.0,   15.34,   255.8
    478.0,   15.28,   256.7
    479.0,   15.24,   257.3
    480.0,   15.21,   257.9
    481.0,   15.17,   258.5
    482.0,   15.13,   259.3
    483.0,   15.08,   260.1
    484.0,   15.04,   260.8
    485.0,   15.00,   261.4
    486.0,   14.96,   262.1
    487.0,   14.92,   262.9
    488.0,   14.87,   263.9
    489.0,   14.82,   264.7
    490.0,   14.78,   265.4
    491.0,   20.52,   232.0
    492.0,   20.86,   231.9
    493.0,   20.68,   234.0
    494.0,   20.53,   235.6
    495.0,   20.90,   235.1
    496.0,   22.28,   230.8
    497.0,   22.01,   233.6
    498.0,   22.47,   233.3
    499.0,   22.38,   235.4
    500.0,   22.19,   237.4
    501.0,   22.04,   239.0
    502.0,   21.88,   240.8
    503.0,   21.74,   242.4
    504.0,   21.62,   243.7
    505.0,   21.50,   245.1
    506.0,   21.38,   246.4
    507.0,   21.29,   247.5
    508.0,   21.21,   248.4
    509.0,   21.31,   248.5
    510.0,   21.21,   249.6
    511.0,   21.28,   250.0
    512.0,   21.17,   251.2
    513.0,   21.08,   252.3
    514.0,   21.33,   251.8
    515.0,   21.40,   252.2
    516.0,   21.29,   253.5
    517.0,   21.36,   253.9
    518.0,   21.44,   254.0
    519.0,   21.55,   253.9
    520.0,   21.48,   254.7
    521.0,   21.58,   254.8
    522.0,   21.49,   255.8
    523.0,   22.61,   251.0
    524.0,   22.52,   252.0
    525.0,   23.11,   249.9
    526.0,   23.65,   248.5
    527.0,   23.52,   249.9
    528.0,   23.45,   250.7
    529.0,   23.74,   249.8
    530.0,   23.67,   250.5
    531.0,   23.59,   251.4
    532.0,   23.50,   252.3
    533.0,   23.43,   253.1
    534.0,   23.35,   254.0
    535.0,   23.25,   255.0
    536.0,   23.12,   256.5
    537.0,   22.97,   258.1
    538.0,   22.83,   259.8
    539.0,   22.87,   260.4
    540.0,   22.79,   261.2
    541.0,   22.75,   261.7
    542.0,   22.72,   262.1
    543.0,   22.68,   262.6
    544.0,   22.64,   263.0
    545.0,   22.60,   263.5
    546.0,   22.55,   264.0
    547.0,   22.50,   264.7
    548.0,   22.46,   265.2
    549.0,   22.43,   265.5
    550.0,   22.40,   265.8
    551.0,   22.37,   266.2
    552.0,   23.00,   263.3
    553.0,   22.95,   263.9
    554.0,   22.88,   264.6
    555.0,   22.75,   266.2
    556.0,   22.59,   268.1
    557.0,   22.46,   269.6
    558.0,   23.33,   266.2
    559.0,   23.33,   267.2
    560.0,   23.15,   269.2
    561.0,   23.32,   269.5
    562.0,   23.33,   270.5
    563.0,   23.68,   269.7
    564.0,   23.56,   271.1
    565.0,   23.75,   271.1
    566.0,   23.61,   272.6
    567.0,   23.52,   273.7
    568.0,   23.43,   274.7
    569.0,   23.35,   275.7
    570.0,   23.42,   275.9
    571.0,   23.34,   276.9
    572.0,   23.27,   277.7
    573.0,   23.38,   277.5
    574.0,   23.34,   277.9
    575.0,   23.31,   278.3
    576.0,   23.28,   278.7
    577.0,   23.24,   279.1
    578.0,   23.21,   279.6
    579.0,   23.17,   280.0
    580.0,   23.13,   280.5
    581.0,   23.10,   280.9
    582.0,   23.06,   281.3
    583.0,   23.03,   281.7
    584.0,   23.00,   282.1
    585.0,   22.96,   282.6
    586.0,   22.92,   283.1
    587.0,   22.88,   283.5
    588.0,   23.00,   283.2
    589.0,   22.94,   283.9
    590.0,   22.87,   284.8
    591.0,   22.82,   285.4
    592.0,   22.79,   285.8
    593.0,   22.76,   286.2
    594.0,   22.73,   286.6
    595.0,   22.70,   286.9
    596.0,   22.67,   287.3
    597.0,   22.64,   287.7
    598.0,   22.61,   288.1
    599.0,   22.58,   288.4
    600.0,   22.55,   288.8
    601.0,   22.52,   289.2
    602.0,   22.48,   289.8
    603.0,   22.44,   290.3
    604.0,   22.40,   290.8
    605.0,   22.36,   291.2
    606.0,   22.33,   291.7
    607.0,   22.29,   292.2
    608.0,   22.25,   292.7
    609.0,   22.21,   293.2
    610.0,   22.18,   293.7
    611.0,   22.29,   293.3
    612.0,   22.24,   294.0
    613.0,   22.65,   292.1
    614.0,   22.90,   291.1
    615.0,   23.74,   287.2
    616.0,   23.63,   288.5
    617.0,   23.56,   289.4
    618.0,   23.49,   290.3
    619.0,   23.38,   291.6
    620.0,   23.42,   292.2
    621.0,   23.32,   293.5
    622.0,   23.20,   295.0
    623.0,   23.08,   296.5
    624.0,   22.97,   298.0
    625.0,   22.83,   299.7
    626.0,   22.98,   300.0
    627.0,   22.85,   301.7
    628.0,   22.75,   303.0
    629.0,   22.81,   303.4
    630.0,   22.73,   304.5
    631.0,   22.65,   305.5
    632.0,   22.56,   306.7
    633.0,   22.46,   308.1
    634.0,   22.36,   309.5
    635.0,   22.26,   310.9
    636.0,   22.16,   312.2
    637.0,   22.21,   312.7
    638.0,   22.13,   313.9
    639.0,   22.05,   315.0
    640.0,   21.97,   316.1
    641.0,   23.63,   306.9
    642.0,   25.89,   295.8
    643.0,   25.74,   297.4
    644.0,   25.64,   298.6
    645.0,   25.55,   299.7
    646.0,   25.45,   300.8
    647.0,   25.33,   302.2
    648.0,   25.20,   303.8
    649.0,   25.19,   305.0
    650.0,   25.43,   305.1
    651.0,   25.20,   307.8
    652.0,   24.98,   310.5
    653.0,   25.33,   310.2
    654.0,   25.13,   312.7
    655.0,   24.95,   315.1
    656.0,   24.51,   320.5
    657.0,   22.56,   346.1
    658.0,   21.01,   366.2
    659.0,   19.90,   381.4
    660.0,   19.11,   393.0
    661.0,   19.02,   394.9
    662.0,   18.93,   396.7
    663.0,   18.77,   399.8
    664.0,   18.75,   400.3
    665.0,   18.73,   400.7
    666.0,   18.71,   401.1
    667.0,   18.69,   401.5
    668.0,   18.67,   401.9
    669.0,   19.61,   396.5
    670.0,   19.04,   404.8
    671.0,   18.47,   411.2
    672.0,   17.75,   415.9
    673.0,   17.15,   419.3
    674.0,   16.64,   421.8
    675.0,   16.16,   423.6
    676.0,   15.65,   424.7
    677.0,   14.86,   425.4
    678.0,   13.68,   425.5
    679.0,   12.33,   425.5
    680.0,   10.87,   425.5
    681.0,    9.29,   425.5
    682.0,    8.06,   425.5
    683.0,    7.06,   425.5
    684.0,    5.59,   425.5
    685.0,    3.02,   425.5
    686.0,    0.63,   425.5
    687.0,    0.00,   425.5
    688.0,    0.00,   425.5
    689.0,    0.00,   200.0
    690.0,    0.00,   200.0
    691.0,    0.00,   200.0
    692.0,    0.00,   200.0
    693.0,    0.00,   200.0
    694.0,    0.00,   200.0
    695.0,    0.00,   200.0
    696.0,    0.00,   200.0
    697.0,    0.00,   200.0
    698.0,    0.00,   200.0
    699.0,    0.00,   200.0
    700.0,    0.00,   200.0
    701.0,    0.00,   200.0
    702.0,    0.00,   200.0
    703.0,    0.00,   200.0
    704.0,    0.00,   200.0
    705.0,    0.00,   200.0
    706.0,    0.00,   200.0
    707.0,    0.00,   200.0
    708.0,    0.00,   200.0
    709.0,    0.00,   200.0
    710.0,    0.00,   200.0
    711.0,    0.00,   200.0
    712.0,    0.00,   200.0
    713.0,    0.00,   200.0
    714.0,    0.00,   200.0
    715.0,    0.00,   200.0
    716.0,    0.00,   200.0
    717.0,    0.00,   200.0
    718.0,    0.00,   200.0
    719.0,    0.00,   200.0
    720.0,    0.00,   200.0
    721.0,    0.00,   200.0
    722.0,    0.00,   200.0
    723.0,    0.00,   200.0
    724.0,    0.00,   200.0
    725.0,    0.00,   200.0
    726.0,    0.00,   200.0
    727.0,    0.00,   200.0
    728.0,    0.00,   200.0
    729.0,    0.00,   200.0
    730.0,    0.00,   200.0
    731.0,    0.00,   200.0
    732.0,    0.00,   200.0
    733.0,    0.00,   200.0
    734.0,    0.00,   200.0
    735.0,    0.00,   200.0
    736.0,    0.00,   200.0
    737.0,    0.00,   200.0
    738.0,    0.00,   200.0
    739.0,    0.00,   200.0
    740.0,    0.00,   200.0
    741.0,    0.00,   200.0
    742.0,    0.00,   200.0
    743.0,    0.00,   200.0
    744.0,    0.00,   200.0
    745.0,    0.00,   200.0
    746.0,    0.00,   200.0
    747.0,    0.00,   200.0
    748.0,    0.00,   200.0
    749.0,    0.00,   200.0
    750.0,    0.00,   200.0
    751.0,    0.00,   200.0
    752.0,    0.00,   200.0
    753.0,    0.00,   200.0
    754.0,    0.00,   200.0
    755.0,    0.00,   200.0
    756.0,    0.00,   200.0
    757.0,    0.00,   200.0
    758.0,    0.00,   200.0
    759.0,    0.00,   200.0
    760.0,    0.00,   200.0
    761.0,    0.00,   200.0
    762.0,    0.00,   200.0
    763.0,    0.00,   200.0
    764.0,    0.00,   200.0
    765.0,    0.00,   200.0
    766.0,    0.00,   200.0
    767.0,    0.00,   200.0
    768.0,    0.00,   200.0
    769.0,    0.00,   200.0
    770.0,    0.00,   200.0
    771.0,    0.00,   200.0
    772.0,    0.00,   200.0
    773.0,    0.00,   200.0
    774.0,    0.00,   200.0
    775.0,    0.00,   200.0
    776.0,    0.00,   200.0
    777.0,    0.00,   200.0
    778.0,    0.03,   201.0
    779.0,    0.00,   229.8
    780.0,    0.00,   229.8
    781.0,    0.00,   229.8
    782.0,    0.00,   229.8
    783.0,    0.00,   229.8
    784.0,    0.00,   229.8
    785.0,    0.00,   200.0
    786.0,    0.00,   200.0
    787.0,    0.00,   200.0
    788.0,    0.05,   201.0
    789.0,    0.79,   201.1
    790.0,    0.92,   219.5
    791.0,    0.91,   244.8
    792.0,    0.80,   277.4
    793.0,    0.75,   293.7
    794.0,    0.75,   293.8
    795.0,    0.52,   313.0
    796.0,    0.06,   330.8
    797.0,    0.00,   332.4
    798.0,    0.00,   332.4
    799.0,    0.00,   332.4
    800.0,    0.01,   201.0
    801.0,    0.35,   201.1
    802.0,    1.23,   200.0
    803.0,    1.99,   200.0
    804.0,    2.12,   200.0
    805.0,    3.64,   200.1
    806.0,    4.66,   200.1
    807.0,    4.60,   202.5
    808.0,    4.74,   202.1
    809.0,    6.31,   200.1
    810.0,    6.16,   204.9
    811.0,    7.07,   200.1
    812.0,    6.95,   203.4
    813.0,    7.04,   204.5
    814.0,    6.91,   208.3
    815.0,    6.78,   212.5
    816.0,    6.64,   216.7
    817.0,    6.88,   216.5
    818.0,    6.93,   218.7
    819.0,    6.63,   228.7
    820.0,    6.99,   227.7
    821.0,    7.62,   222.1
    822.0,    7.88,   221.5
    823.0,    8.13,   220.8
    824.0,    9.52,   209.8
    825.0,    9.74,   210.4
    826.0,   10.01,   209.8
    827.0,   11.10,   202.8
    828.0,   11.89,   200.1
    829.0,   13.16,   200.1
    830.0,   13.77,   200.5
    831.0,   13.48,   206.6
    832.0,   13.43,   211.2
    833.0,   13.05,   217.3
    834.0,   13.18,   219.1
    835.0,   13.54,   218.9
    836.0,   13.32,   222.4
    837.0,   13.16,   225.2
    838.0,   13.01,   227.7
    839.0,   12.88,   230.1
    840.0,   12.77,   232.2
    841.0,   12.66,   234.1
    842.0,   12.57,   235.7
    843.0,   12.51,   237.0
    844.0,   12.43,   238.4
    845.0,   12.36,   239.8
    846.0,   12.31,   240.8
    847.0,   12.25,   241.8
    848.0,   12.19,   243.1
    849.0,   12.12,   244.6
    850.0,   12.06,   245.7
    851.0,   12.01,   246.7
    852.0,   11.94,   248.1
    853.0,   12.21,   246.8
    854.0,   12.66,   244.0
    855.0,   12.58,   245.7
    856.0,   12.68,   245.8
    857.0,   12.78,   245.8
    858.0,   12.88,   245.9
    859.0,   12.98,   245.9
    860.0,   12.93,   246.9
    861.0,   12.89,   247.6
    862.0,   12.85,   248.5
    863.0,   12.81,   249.2
    864.0,   12.77,   250.0
    865.0,   12.74,   250.6
    866.0,   12.71,   251.1
    867.0,   12.69,   251.5
    868.0,   12.67,   251.9
    869.0,   12.64,   252.5
    870.0,   12.61,   253.1
    871.0,   12.58,   253.8
    872.0,   12.54,   254.5
    873.0,   12.52,   255.0
    874.0,   12.49,   255.6
    875.0,   12.44,   256.5
    876.0,   12.39,   257.6
    877.0,   12.34,   258.6
    878.0,   12.31,   259.4
    879.0,   12.27,   260.1
    880.0,   12.24,   260.8
    881.0,   12.21,   261.5
    882.0,   12.18,   262.0
    883.0,   12.16,   262.6
    884.0,   12.13,   263.1
    885.0,   12.10,   263.8
    886.0,   12.06,   264.6
    887.0,   12.20,   263.8
    888.0,   12.15,   264.8
    889.0,   12.11,   265.8
    890.0,   12.07,   266.7
    891.0,   12.03,   267.5
    892.0,   11.99,   268.2
    893.0,   11.96,   268.9
    894.0,   11.94,   269.4
    895.0,   11.93,   269.8
    896.0,   11.91,   270.2
    897.0,   12.54,   264.8
    898.0,   12.49,   265.7
    899.0,   12.46,   266.4
    900.0,   12.44,   266.9
    901.0,   12.41,   267.4
    902.0,   12.39,   268.0
    903.0,   12.36,   268.5
    904.0,   12.33,   269.1
    905.0,   12.31,   269.7
    906.0,   12.28,   270.3
    907.0,   12.25,   270.9
    908.0,   12.23,   271.5
    909.0,   12.36,   270.5
    910.0,   12.34,   271.1
    911.0,   12.31,   271.6
    912.0,   12.29,   272.1
    913.0,   12.27,   272.5
    914.0,   12.26,   272.9
    915.0,   12.24,   273.3
    916.0,   12.22,   273.6
    917.0,   12.21,   274.0
    918.0,   12.19,   274.4
    919.0,   12.17,   274.8
    920.0,   12.15,   275.2
    921.0,   12.14,   275.5
    922.0,   12.13,   275.8
    923.0,   12.12,   276.0
    924.0,   12.11,   276.2
    925.0,   12.10,   276.5
    926.0,   12.08,   276.9
    927.0,   12.06,   277.2
    928.0,   12.05,   277.6
    929.0,   12.03,   277.9
    930.0,   12.02,   278.3
    931.0,   12.00,   278.6
    932.0,   11.99,   278.9
    933.0,   11.98,   279.2
    934.0,   11.97,   279.4
    935.0,   11.96,   279.7
    936.0,   11.95,   280.0
    937.0,   11.93,   280.3
    938.0,   12.08,   279.0
    939.0,   12.38,   276.3
    940.0,   12.69,   273.7
    941.0,   12.99,   271.2
    942.0,   12.96,   271.7
    943.0,   12.94,   272.2
    944.0,   12.91,   272.8
    945.0,   12.89,   273.2
    946.0,   12.88,   273.6
    947.0,   12.86,   274.0
    948.0,   12.83,   274.6
    949.0,   12.80,   275.2
    950.0,   12.77,   275.8
    951.0,   12.74,   276.5
    952.0,   12.86,   276.0
    953.0,   12.98,   275.3
    954.0,   12.94,   276.1
    955.0,   12.91,   276.8
    956.0,   12.89,   277.3
    957.0,   12.87,   277.7
    958.0,   12.84,   278.3
    959.0,   12.80,   279.1
    960.0,   12.77,   279.8
    961.0,   12.74,   280.5
    962.0,   12.71,   281.2
    963.0,   13.16,   277.3
    964.0,   13.14,   277.7
    965.0,   13.12,   278.1
    966.0,   13.27,   277.0
    967.0,   13.40,   276.0
    968.0,   15.01,   263.4
    969.0,   20.04,   234.0
    970.0,   20.93,   231.4
    971.0,   20.69,   234.1
    972.0,   20.52,   236.1
    973.0,   20.38,   237.7
    974.0,   20.23,   239.4
    975.0,   20.08,   241.2
    976.0,   19.94,   242.9
    977.0,   19.82,   244.4
    978.0,   19.69,   246.0
    979.0,   19.56,   247.7
    980.0,   19.63,   248.1
    981.0,   19.54,   249.2
    982.0,   19.61,   249.5
    983.0,   19.50,   250.9
    984.0,   19.74,   250.5
    985.0,   19.61,   252.1
    986.0,   19.50,   253.6
    987.0,   19.39,   255.0
    988.0,   19.27,   256.6
    989.0,   19.16,   258.0
    990.0,   19.07,   259.3
    991.0,   18.97,   260.7
    992.0,   18.87,   262.0
    993.0,   18.78,   263.2
    994.0,   18.66,   265.0
    995.0,   18.51,   267.1
    996.0,   19.16,   264.7
    997.0,   19.23,   266.4
    998.0,   18.98,   269.9
    999.0,   18.83,   272.0
   1000.0,   18.72,   273.7
   1001.0,   19.72,   268.7
   1002.0,   19.70,   270.4
   1003.0,   19.52,   272.9
   1004.0,   19.39,   274.6
   1005.0,   19.60,   274.3
   1006.0,   19.62,   275.3
   1007.0,   19.48,   277.3
   1008.0,   19.51,   278.2
   1009.0,   19.40,   279.8
   1010.0,   19.42,   280.7
   1011.0,   19.69,   280.8
   1012.0,   19.47,   284.0
   1013.0,   19.10,   289.4
   1014.0,   17.33,   319.4
   1015.0,   17.25,   323.5
   1016.0,   17.19,   324.6
   1017.0,   17.28,   324.4
   1018.0,   17.38,   324.1
   1019.0,   17.33,   324.9
   1020.0,   17.28,   325.8
   1021.0,   17.24,   326.7
   1022.0,   17.61,   324.0
   1023.0,   17.70,   323.9
   1024.0,   18.17,   321.0
   1025.0,   17.14,   338.4
   1026.0,   15.48,   357.9
   1027.0,   14.40,   372.6
   1028.0,   13.47,   383.9
   1029.0,   12.44,   392.3
   1030.0,   11.62,   398.5
   1031.0,   11.17,   403.1
   1032.0,   10.90,   406.6
   1033.0,   10.45,   408.2
   1034.0,    9.99,   409.6
   1035.0,    9.67,   411.2
   1036.0,    8.53,   412.2
   1037.0,    6.57,   412.3
   1038.0,    5.97,   404.3
   1039.0,    5.97,   404.4
   1040.0,    5.97,   404.5
   1041.0,    5.97,   404.7
   1042.0,    5.78,   405.5
   1043.0,    4.74,   405.4
   1044.0,    3.23,   405.4
   1045.0,    1.75,   405.4
   1046.0,    0.00,   405.4
   1047.0,    0.00,   200.0
   1048.0,    0.00,   200.0
   1049.0,    0.00,   200.0
   1050.0,    0.00,   200.0
   1051.0,    0.00,   200.0
   1052.0,    0.00,   200.0
   1053.0,    0.00,   200.0
   1054.0,    0.00,   200.0
   1055.0,    0.00,   200.0
   1056.0,    0.00,   200.0
   1057.0,    0.00,   200.0
   1058.0,    0.00,   200.0
   1059.0,    0.00,   200.0
   1060.0,    0.00,   201.0
   1061.0,    0.00,   201.9
   1062.0,    0.00,   200.0
   1063.0,    0.00,   200.0
   1064.0,    0.00,   200.0
   1065.0,    0.00,   200.0
   1066.0,    0.00,   200.0
   1067.0,    0.00,   200.0
   1068.0,    0.00,   200.0
   1069.0,    0.00,   200.0
   1070.0,    0.00,   200.0
   1071.0,    0.00,   200.0
   1072.0,    0.00,   200.0
   1073.0,    0.00,   200.0
   1074.0,    0.00,   200.0
   1075.0,    0.00,   200.0
   1076.0,    0.00,   200.0
   1077.0,    0.00,   200.0
   1078.0,    0.00,   200.0
   1079.0,    0.00,   200.0
   1080.0,    0.00,   200.0
   1081.0,    0.00,   200.0
   1082.0,    0.00,   200.0
   1083.0,    0.00,   200.0
   1084.0,    0.00,   200.0
   1085.0,    0.00,   200.0
   1086.0,    0.00,   200.0
   1087.0,    0.00,   200.0
   1088.0,    0.00,   200.0
   1089.0,    0.00,   200.0
   1090.0,    0.00,   200.0
   1091.0,    0.00,   200.0
   1092.0,    0.00,   200.0
   1093.0,    0.00,   200.0
   1094.0,    0.00,   200.0
   1095.0,    0.00,   200.0
   1096.0,    0.00,   200.0
   1097.0,    0.00,   200.0
   1098.0,    0.00,   200.0
   1099.0,    0.00,   200.0
   1100.0,    0.00,   200.0
   1101.0,    0.00,   200.0
   1102.0,    0.00,   200.0
   1103.0,    0.00,   200.0
   1104.0,    0.00,   200.0
   1105.0,    0.00,   200.0
   1106.0,    0.00,   200.0
   1107.0,    0.00,   200.0
   1108.0,    0.00,   200.0
   1109.0,    0.00,   200.0
   1110.0,    0.00,   200.0
   1111.0,    0.00,   200.0
   1112.0,    0.00,   200.0
   1113.0,    0.00,   200.0
   1114.0,    0.00,   200.0
   1115.0,    0.00,   200.0
   1116.0,    0.00,   201.0
   1117.0,    0.00,   203.9
   1118.0,    0.00,   203.9
   1119.0,    0.00,   203.9
   1120.0,    0.00,   203.9
   1121.0,    0.00,   200.0
   1122.0,    0.00,   200.0
   1123.0,    0.00,   200.0
   1124.0,    0.00,   200.0
   1125.0,    0.00,   200.0
   1126.0,    0.00,   200.0
   1127.0,    0.00,   200.0
   1128.0,    0.00,   200.0
   1129.0,    0.00,   200.0
   1130.0,    0.00,   200.0
   1131.0,    0.00,   200.0
   1132.0,    0.00,   200.0
   1133.0,    0.00,   200.0
   1134.0,    0.00,   200.0
   1135.0,    0.00,   200.0
   1136.0,    0.00,   200.0
   1137.0,    0.00,   200.0
   1138.0,    0.00,   200.0
   1139.0,    0.00,   200.0
   1140.0,    0.00,   200.0
   1141.0,    0.00,   200.0
   1142.0,    0.00,   200.0
   1143.0,    0.13,   200.0
   1144.0,    0.38,   200.0
   1145.0,    0.76,   200.0
   1146.0,    1.27,   200.0
   1147.0,    1.84,   206.5
   1148.0,    2.16,   210.5
   1149.0,    2.15,   211.9
   1150.0,    3.16,   200.0
   1151.0,    3.42,   200.0
   1152.0,    4.05,   200.1
   1153.0,    4.00,   202.6
   1154.0,    4.43,   200.1
   1155.0,    4.83,   215.0
   1156.0,    4.40,   235.2
   1157.0,    5.63,   215.4
   1158.0,    5.56,   218.5
   1159.0,    5.67,   218.6
   1160.0,    5.78,   218.8
   1161.0,    5.72,   221.3
   1162.0,    5.67,   223.2
   1163.0,    5.62,   225.1
   1164.0,    5.56,   227.6
   1165.0,    5.49,   230.4
   1166.0,    5.60,   230.6
   1167.0,    6.25,   222.6
   1168.0,    6.37,   222.5
   1169.0,    6.47,   222.9
   1170.0,    6.37,   226.3
   1171.0,    8.20,   209.9
   1172.0,    7.99,   215.4
   1173.0,    8.74,   211.6
   1174.0,    9.29,   212.7
   1175.0,    8.00,   252.9
   1176.0,    8.01,   265.2
   1177.0,    8.71,   258.3
   1178.0,    8.94,   257.5
   1179.0,    8.85,   260.1
   1180.0,    8.77,   262.5
   1181.0,    9.69,   253.4
   1182.0,    9.60,   255.7
   1183.0,    9.51,   258.0
   1184.0,    9.43,   260.3
   1185.0,    9.35,   262.4
   1186.0,    9.28,   264.5
   1187.0,    9.22,   266.1
   1188.0,    9.18,   267.2
   1189.0,    9.16,   267.9
   1190.0,    9.13,   268.8
   1191.0,    9.58,   264.2
   1192.0,   10.02,   260.2
   1193.0,    9.95,   262.0
   1194.0,    9.90,   263.2
   1195.0,    9.86,   264.3
   1196.0,   10.49,   258.3
   1197.0,   11.60,   248.8
   1198.0,   11.62,   250.5
   1199.0,   11.64,   252.2
   1200.0,   11.71,   252.9
   1201.0,   12.14,   250.4
   1202.0,   12.70,   247.3
   1203.0,   12.73,   248.6
   1204.0,   12.78,   249.6
   1205.0,   12.86,   250.1
   1206.0,   12.96,   250.2
   1207.0,   13.41,   247.5
   1208.0,   13.33,   248.8
   1209.0,   13.28,   249.7
   1210.0,   13.24,   250.6
   1211.0,   13.69,   247.9
   1212.0,   13.78,   248.1
   1213.0,   13.71,   249.4
   1214.0,   13.66,   250.4
   1215.0,   13.60,   251.5
   1216.0,   13.70,   251.5
   1217.0,   13.63,   252.8
   1218.0,   14.05,   250.6
   1219.0,   14.75,   247.3
   1220.0,   14.73,   249.4
   1221.0,   15.92,   243.5
   1222.0,   15.69,   247.1
   1223.0,   16.22,   245.3
   1224.0,   18.66,   233.6
   1225.0,   22.44,   221.4
   1226.0,   22.23,   228.0
   1227.0,   28.30,   211.5
   1228.0,   27.62,   216.7
   1229.0,   27.19,   220.1
   1230.0,   26.87,   222.7
   1231.0,   26.98,   223.7
   1232.0,   27.20,   224.7
   1233.0,   27.58,   225.3
   1234.0,   28.31,   224.9
   1235.0,   27.89,   228.2
   1236.0,   27.59,   230.7
   1237.0,   27.38,   232.5
   1238.0,   27.34,   233.8
   1239.0,   27.59,   234.4
   1240.0,   27.29,   237.0
   1241.0,   27.02,   239.3
   1242.0,   26.78,   241.5
   1243.0,   26.75,   242.7
   1244.0,   26.61,   244.0
   1245.0,   26.51,   244.9
   1246.0,   26.39,   246.0
   1247.0,   26.21,   247.7
   1248.0,   26.01,   249.6
   1249.0,   25.80,   251.6
   1250.0,   25.58,   253.8
   1251.0,   25.54,   255.2
   1252.0,   25.36,   257.0
   1253.0,   25.19,   258.8
   1254.0,   25.01,   260.6
   1255.0,   24.85,   262.3
   1256.0,   24.72,   263.6
   1257.0,   24.60,   265.0
   1258.0,   24.48,   266.3
   1259.0,   24.37,   267.4
   1260.0,   24.43,   267.8
   1261.0,   24.33,   269.0
   1262.0,   24.25,   269.8
   1263.0,   24.18,   270.6
   1264.0,   24.12,   271.3
   1265.0,   24.07,   271.8
   1266.0,   24.04,   272.2
   1267.0,   25.13,   267.4
   1268.0,   25.38,   266.8
   1269.0,   25.27,   268.0
   1270.0,   25.27,   269.0
   1271.0,   25.27,   270.1
   1272.0,   25.28,   270.9
   1273.0,   25.30,   271.7
   1274.0,   25.61,   271.4
   1275.0,   25.40,   273.6
   1276.0,   25.21,   275.7
   1277.0,   25.04,   277.5
   1278.0,   24.89,   279.3
   1279.0,   24.71,   281.3
   1280.0,   24.53,   283.3
   1281.0,   24.35,   285.4
   1282.0,   24.17,   287.5
   1283.0,   24.02,   289.4
   1284.0,   23.87,   291.2
   1285.0,   24.29,   290.3
   1286.0,   24.71,   289.5
   1287.0,   24.59,   290.9
   1288.0,   24.52,   291.7
   1289.0,   24.44,   292.6
   1290.0,   25.59,   287.5
   1291.0,   25.50,   288.5
   1292.0,   25.60,   288.3
   1293.0,   25.57,   288.7
   1294.0,   25.53,   289.1
   1295.0,   25.48,   289.7
   1296.0,   25.43,   290.2
   1297.0,   25.38,   290.9
   1298.0,   25.32,   291.5
   1299.0,   25.27,   292.1
   1300.0,   25.24,   292.4
   1301.0,   25.21,   292.8
   1302.0,   25.17,   293.3
   1303.0,   25.26,   293.3
   1304.0,   25.17,   294.3
   1305.0,   25.09,   295.2
   1306.0,   25.14,   295.6
   1307.0,   25.05,   296.8
   1308.0,   24.95,   297.9
   1309.0,   24.81,   299.6
   1310.0,   24.68,   301.1
   1311.0,   24.62,   301.9
   1312.0,   24.58,   302.4
   1313.0,   24.54,   302.9
   1314.0,   24.49,   303.4
   1315.0,   24.45,   304.0
   1316.0,   24.70,   302.9
   1317.0,   24.67,   303.4
   1318.0,   24.64,   303.8
   1319.0,   24.61,   304.1
   1320.0,   24.57,   304.6
   1321.0,   24.51,   305.3
   1322.0,   24.44,   306.2
   1323.0,   24.37,   307.0
   1324.0,   24.45,   307.1
   1325.0,   24.68,   306.3
   1326.0,   24.60,   307.2
   1327.0,   24.53,   308.1
   1328.0,   24.46,   309.0
   1329.0,   24.39,   310.0
   1330.0,   24.32,   310.9
   1331.0,   24.25,   311.7
   1332.0,   24.19,   312.5
   1333.0,   24.12,   313.4
   1334.0,   24.06,   314.2
   1335.0,   24.00,   315.0
   1336.0,   23.93,   315.9
   1337.0,   23.87,   316.7
   1338.0,   23.82,   317.3
   1339.0,   23.79,   317.8
   1340.0,   23.74,   318.4
   1341.0,   23.68,   319.2
   1342.0,   23.63,   319.9
   1343.0,   23.59,   320.4
   1344.0,   23.56,   320.9
   1345.0,   23.53,   321.3
   1346.0,   23.64,   320.8
   1347.0,   23.61,   321.2
   1348.0,   23.59,   321.5
   1349.0,   23.57,   321.9
   1350.0,   23.54,   322.2
   1351.0,   23.51,   322.7
   1352.0,   23.47,   323.2
   1353.0,   23.54,   323.4
   1354.0,   23.83,   322.5
   1355.0,   23.70,   324.3
   1356.0,   23.60,   325.7
   1357.0,   23.54,   326.5
   1358.0,   23.49,   327.2
   1359.0,   23.45,   327.8
   1360.0,   23.67,   326.9
   1361.0,   25.00,   319.7
   1362.0,   26.57,   312.2
   1363.0,   26.42,   314.0
   1364.0,   26.31,   315.4
   1365.0,   26.20,   316.7
   1366.0,   26.08,   318.1
   1367.0,   25.99,   319.2
   1368.0,   26.03,   319.7
   1369.0,   25.85,   321.9
   1370.0,   23.80,   346.9
   1371.0,   21.79,   367.2
   1372.0,   20.74,   380.6
   1373.0,   20.94,   379.4
   1374.0,   20.91,   380.0
   1375.0,   20.87,   380.6
   1376.0,   20.84,   381.1
   1377.0,   20.82,   381.6
   1378.0,   20.79,   382.1
   1379.0,   21.11,   379.9
   1380.0,   20.56,   387.5
   1381.0,   19.30,   398.0
   1382.0,   18.56,   405.8
   1383.0,   18.63,   408.3
   1384.0,   19.20,   403.8
   1385.0,   18.41,   410.4
   1386.0,   19.28,   403.1
   1387.0,   19.27,   403.4
   1388.0,   19.25,   403.8
   1389.0,   19.56,   401.2
   1390.0,   19.99,   397.6
   1391.0,   19.97,   398.1
   1392.0,   19.95,   398.5
   1393.0,   19.93,   398.8
   1394.0,   19.92,   399.2
   1395.0,   20.25,   396.4
   1396.0,   20.23,   396.8
   1397.0,   20.21,   397.2
   1398.0,   20.18,   397.6
   1399.0,   20.86,   392.1
   1400.0,   20.95,   391.6
   1401.0,   21.04,   391.1
   1402.0,   21.01,   391.7
   1403.0,   20.56,   397.4
   1404.0,   19.34,   405.8
   1405.0,   18.35,   411.8
   1406.0,   17.70,   416.4
   1407.0,   17.10,   419.7
   1408.0,   16.60,   422.1
   1409.0,   16.33,   422.8
   1410.0,   16.03,   424.3
   1411.0,   15.47,   425.2
   1412.0,   14.57,   425.7
   1413.0,   14.07,   425.2
   1414.0,   13.94,   425.3
   1415.0,   13.46,   425.3
   1416.0,   12.41,   425.3
   1417.0,   11.29,   425.3
   1418.0,   10.30,   425.3
   1419.0,    9.30,   425.3
   1420.0,    8.53,   425.3
   1421.0,    7.76,   425.3
   1422.0,    6.94,   425.3
   1423.0,    6.07,   425.3
   1424.0,    5.08,   425.3
   1425.0,    3.67,   425.3
   1426.0,    2.20,   425.3
   1427.0,    1.10,   425.3
   1428.0,    0.00,   425.3
   1429.0,    0.00,   200.0
   1430.0,    0.00,   200.0
   1431.0,    0.00,   200.0
   1432.0,    0.00,   200.0
   1433.0,    0.00,   200.0
   1434.0,    0.00,   200.0
   1435.0,    0.00,   200.0
   1436.0,    0.00,   200.0
   1437.0,    0.00,   200.0
   1438.0,    0.00,   200.0
   1439.0,    0.00,   200.0
   1440.0,    0.00,   200.0
   1441.0,    0.00,   200.0
   1442.0,    0.00,   200.0
   1443.0,    0.00,   200.0
   1444.0,    0.00,   200.0
   1445.0,    0.00,   200.0
   1446.0,    0.00,   200.0
   1447.0,    0.00,   200.0
   1448.0,    0.00,   200.0
   1449.0,    0.00,   200.0
   1450.0,    0.00,   200.0
   1451.0,    0.00,   200.0
   1452.0,    0.00,   200.0
   1453.0,    0.00,   200.0
   1454.0,    0.00,   200.0
   1455.0,    0.00,   200.0
   1456.0,    0.00,   200.0
   1457.0,    0.00,   200.0
   1458.0,    0.00,   200.0
   1459.0,    0.00,   200.0
   1460.0,    0.00,   200.0
   1461.0,    0.00,   200.0
   1462.0,    0.00,   200.0
   1463.0,    0.00,   200.0
   1464.0,    0.00,   200.0
   1465.0,    0.00,   200.0
   1466.0,    0.00,   200.0
   1467.0,    0.00,   200.0
   1468.0,    0.00,   200.0
   1469.0,    0.00,   200.0
   1470.0,    0.00,   200.0
   1471.0,    0.00,   200.0
   1472.0,    0.00,   200.0
   1473.0,    0.00,   200.0
   1474.0,    0.00,   200.0
   1475.0,    0.00,   200.0
   1476.0,    0.00,   200.0
   1477.0,    0.00,   200.0
   1478.0,    0.00,   200.0
   1479.0,    0.00,   200.0
   1480.0,    0.00,   200.0
   1481.0,    0.00,   200.0
   1482.0,    0.00,   200.0
   1483.0,    0.00,   200.0
   1484.0,    0.00,   200.0
   1485.0,    0.00,   200.0
   1486.0,    0.00,   200.0
   1487.0,    0.00,   200.0
   1488.0,    0.00,   200.0
   1489.0,    0.00,   200.0
   1490.0,    0.00,   200.0
   1491.0,    0.00,   200.0
   1492.0,    0.00,   200.0
   1493.0,    0.00,   200.0
   1494.0,    1.21,   201.0
   1495.0,    1.06,   237.1
   1496.0,    0.87,   271.5
   1497.0,    0.70,   298.4
   1498.0,    0.42,   319.4
   1499.0,    0.00,   329.1
   1500.0,    0.00,   200.0
   1501.0,    0.00,   200.0
   1502.0,    0.00,   200.0
   1503.0,    0.00,   200.0
   1504.0,    0.00,   200.0
   1505.0,    0.00,   200.0
   1506.0,    0.00,   200.0
   1507.0,    0.00,   200.0
   1508.0,    0.00,   200.0
   1509.0,    0.00,   200.0
   1510.0,    0.00,   200.0
   1511.0,    0.00,   200.0
   1512.0,    0.50,   201.0
   1513.0,    0.94,   223.3
   1514.0,    1.60,   200.0
   1515.0,    2.13,   209.1
   1516.0,    2.21,   234.3
   1517.0,    2.17,   258.6
   1518.0,    2.10,   266.6
   1519.0,    2.10,   267.1
   1520.0,    2.43,   267.4
   1521.0,    2.05,   295.9
   1522.0,    1.66,   318.1
   1523.0,    1.26,   335.4
   1524.0,    1.59,   298.7
   1525.0,    4.83,   203.6
   1526.0,    5.12,   201.8
   1527.0,    6.18,   200.1
   1528.0,    6.56,   200.2
   1529.0,    7.71,   200.1
   1530.0,    7.54,   204.6
   1531.0,    7.37,   209.1
   1532.0,    8.18,   203.9
   1533.0,    8.20,   206.6
   1534.0,    8.04,   210.7
   1535.0,    8.87,   205.4
   1536.0,    9.24,   205.4
   1537.0,    9.00,   210.8
   1538.0,    8.79,   216.0
   1539.0,    8.61,   220.3
   1540.0,    8.49,   223.6
   1541.0,    8.94,   220.7
   1542.0,    9.97,   213.3
   1543.0,    9.81,   216.8
   1544.0,    9.85,   218.4
   1545.0,   11.01,   211.5
   1546.0,   12.89,   202.3
   1547.0,   12.56,   207.6
   1548.0,   12.29,   212.2
   1549.0,   12.42,   214.2
   1550.0,   12.16,   218.6
   1551.0,   14.01,   209.7
   1552.0,   13.84,   214.2
   1553.0,   13.58,   218.3
   1554.0,   13.40,   221.2
   1555.0,   13.44,   222.4
   1556.0,   13.48,   223.7
   1557.0,   14.06,   221.7
   1558.0,   13.86,   224.9
   1559.0,   13.70,   227.5
   1560.0,   13.59,   229.4
   1561.0,   13.48,   231.1
   1562.0,   13.53,   232.2
   1563.0,   13.32,   235.8
   1564.0,   13.07,   240.3
   1565.0,   12.84,   244.7
   1566.0,   12.94,   246.7
   1567.0,   12.72,   251.0
   1568.0,   12.56,   254.2
   1569.0,   12.43,   256.9
   1570.0,   12.30,   259.6
   1571.0,   12.35,   260.6
   1572.0,   13.61,   251.3
   1573.0,   18.50,   223.4
   1574.0,   18.09,   228.5
   1575.0,   17.77,   232.6
   1576.0,   18.06,   233.0
   1577.0,   17.82,   236.1
   1578.0,   17.66,   238.3
   1579.0,   17.54,   240.0
   1580.0,   17.42,   241.5
   1581.0,   17.30,   243.2
   1582.0,   17.18,   245.0
   1583.0,   17.05,   246.8
   1584.0,   16.94,   248.4
   1585.0,   17.04,   248.5
   1586.0,   17.31,   247.6
   1587.0,   17.20,   249.1
   1588.0,   17.10,   250.6
   1589.0,   17.02,   251.7
   1590.0,   16.96,   252.7
   1591.0,   16.89,   253.7
   1592.0,   16.82,   254.8
   1593.0,   16.76,   255.7
   1594.0,   16.70,   256.6
   1595.0,   16.64,   257.6
   1596.0,   16.58,   258.5
   1597.0,   16.69,   258.2
   1598.0,   16.65,   258.9
   1599.0,   16.60,   259.6
   1600.0,   16.55,   260.4
   1601.0,   16.83,   259.1
   1602.0,   16.77,   260.1
   1603.0,   16.70,   261.1
   1604.0,   16.62,   262.4
   1605.0,   16.54,   263.7
   1606.0,   16.46,   265.0
   1607.0,   16.39,   266.1
   1608.0,   16.49,   266.1
   1609.0,   16.43,   266.9
   1610.0,   16.40,   267.5
   1611.0,   18.18,   256.6
   1612.0,   18.02,   258.9
   1613.0,   18.22,   258.9
   1614.0,   18.12,   260.3
   1615.0,   18.03,   261.6
   1616.0,   17.96,   262.7
   1617.0,   17.89,   263.6
   1618.0,   17.84,   264.4
   1619.0,   17.77,   265.4
   1620.0,   17.69,   266.6
   1621.0,   17.64,   267.4
   1622.0,   17.59,   268.2
   1623.0,   17.51,   269.4
   1624.0,   17.43,   270.6
   1625.0,   17.37,   271.5
   1626.0,   17.34,   272.1
   1627.0,   17.30,   272.6
   1628.0,   17.27,   273.2
   1629.0,   17.22,   273.8
   1630.0,   17.18,   274.6
   1631.0,   17.13,   275.3
   1632.0,   19.22,   262.6
   1633.0,   19.49,   261.6
   1634.0,   19.41,   262.6
   1635.0,   20.51,   257.2
   1636.0,   20.41,   258.5
   1637.0,   20.32,   259.6
   1638.0,   20.25,   260.5
   1639.0,   20.20,   261.2
   1640.0,   20.14,   261.9
   1641.0,   20.08,   262.7
   1642.0,   20.02,   263.5
   1643.0,   19.98,   264.1
   1644.0,   20.55,   261.6
   1645.0,   20.42,   263.3
   1646.0,   20.47,   263.9
   1647.0,   20.33,   265.8
   1648.0,   20.22,   267.2
   1649.0,   20.17,   267.9
   1650.0,   20.13,   268.4
   1651.0,   20.90,   264.6
   1652.0,   21.16,   263.8
   1653.0,   21.09,   264.5
   1654.0,   21.05,   265.2
   1655.0,   21.00,   265.8
   1656.0,   20.95,   266.3
   1657.0,   20.90,   267.0
   1658.0,   20.86,   267.6
   1659.0,   20.82,   268.1
   1660.0,   20.77,   268.7
   1661.0,   20.71,   269.5
   1662.0,   20.63,   270.6
   1663.0,   20.69,   271.0
   1664.0,   20.55,   272.7
   1665.0,   20.43,   274.4
   1666.0,   20.98,   272.1
   1667.0,   20.87,   273.4
   1668.0,   20.77,   274.8
   1669.0,   20.65,   276.4
   1670.0,   20.81,   276.7
   1671.0,   21.84,   273.0
   1672.0,   22.03,   274.0
   1673.0,   22.66,   272.1
   1674.0,   22.56,   273.3
   1675.0,   22.48,   274.2
   1676.0,   23.97,   267.8
   1677.0,   23.80,   269.7
   1678.0,   24.68,   266.3
   1679.0,   24.75,   266.6
   1680.0,   24.81,   266.9
   1681.0,   24.71,   268.0
   1682.0,   24.63,   268.8
   1683.0,   24.56,   269.6
   1684.0,   24.51,   270.1
   1685.0,   24.47,   270.6
   1686.0,   24.43,   271.1
   1687.0,   24.38,   271.6
   1688.0,   24.32,   272.2
   1689.0,   24.25,   273.0
   1690.0,   24.16,   274.0
   1691.0,   24.38,   273.6
   1692.0,   24.77,   272.4
   1693.0,   24.99,   272.1
   1694.0,   24.86,   273.5
   1695.0,   24.73,   274.9
   1696.0,   24.63,   276.0
   1697.0,   24.56,   276.9
   1698.0,   24.48,   277.8
   1699.0,   24.38,   278.9
   1700.0,   24.44,   279.3
   1701.0,   24.34,   280.4
   1702.0,   24.57,   279.9
   1703.0,   24.47,   281.0
   1704.0,   24.35,   282.4
   1705.0,   24.24,   283.7
   1706.0,   24.15,   284.7
   1707.0,   24.05,   285.9
   1708.0,   23.96,   287.0
   1709.0,   23.87,   288.1
   1710.0,   23.77,   289.3
   1711.0,   23.67,   290.5
   1712.0,   25.10,   284.0
   1713.0,   25.12,   284.9
   1714.0,   24.97,   286.5
   1715.0,   24.99,   287.3
   1716.0,   25.34,   286.4
   1717.0,   25.24,   287.6
   1718.0,   25.14,   288.7
   1719.0,   25.19,   289.0
   1720.0,   25.25,   289.4
   1721.0,   25.15,   290.5
   1722.0,   25.05,   291.7
   1723.0,   25.07,   292.5
   1724.0,   24.89,   294.7
   1725.0,   26.04,   290.3
   1726.0,   28.69,   280.4
   1727.0,   28.27,   284.6
   1728.0,   27.89,   288.4
   1729.0,   27.56,   291.9
   1730.0,   27.26,   295.1
   1731.0,   27.02,   297.8
   1732.0,   26.80,   300.2
   1733.0,   26.59,   302.5
   1734.0,   26.41,   304.6
   1735.0,   26.26,   306.3
   1736.0,   26.10,   308.2
   1737.0,   25.92,   310.3
   1738.0,   25.75,   312.4
   1739.0,   25.61,   314.1
   1740.0,   25.64,   314.8
   1741.0,   25.65,   315.6
   1742.0,   25.49,   317.6
   1743.0,   25.30,   320.0
   1744.0,   25.11,   322.4
   1745.0,   24.92,   324.8
   1746.0,   24.74,   327.2
   1747.0,   24.71,   328.6
   1748.0,   24.85,   328.9
   1749.0,   24.71,   330.7
   1750.0,   25.16,   333.4
   1751.0,   23.11,   357.1
   1752.0,   21.10,   374.9
   1753.0,   19.00,   388.1
   1754.0,   17.44,   397.8
   1755.0,   15.94,   404.8
   1756.0,   14.08,   409.6
   1757.0,   12.71,   412.6
   1758.0,   11.81,   414.6
   1759.0,   11.13,   415.8
   1760.0,   10.76,   416.5
   1761.0,   10.73,   415.5
   1762.0,   10.52,   414.6
   1763.0,    9.61,   414.9
   1764.0,    8.64,   415.0
   1765.0,    8.44,   415.0
   1766.0,    8.44,   415.2
   1767.0,    8.43,   415.3
   1768.0,    8.43,   415.5
   1769.0,    8.43,   415.6
   1770.0,    9.20,   400.1
   1771.0,    8.82,   402.6
   1772.0,    7.10,   404.9
   1773.0,    4.70,   405.7
   1774.0,    2.71,   405.7
   1775.0,    1.78,   404.8
   1776.0,    1.64,   404.8
   1777.0,    0.86,   404.8
   1778.0,    0.00,   404.8
   1779.0,    0.00,   200.0
   1780.0,    0.00,   200.0
   1781.0,    0.00,   200.0
   1782.0,    0.00,   200.0
   1783.0,    0.00,   200.0
   1784.0,    0.00,   200.0
   1785.0,    0.00,   200.0
   1786.0,    0.00,   200.0
   1787.0,    0.00,   200.0
   1788.0,    0.00,   200.0
   1789.0,    0.00,   200.0
   1790.0,    0.00,   200.0
   1791.0,    0.00,   200.0
   1792.0,    0.00,   200.0
   1793.0,    0.00,   200.0
   1794.0,    0.00,   200.0
   1795.0,    0.00,   200.0
   1796.0,    0.00,   200.0
   1797.0,    0.00,   200.0
   1798.0,    0.00,   200.0
   1799.0,    0.00,   200.0
   1800.0,    0.00,   200.0
   1801.0,    0.00,   200.0
   1802.0,    0.00,   200.0
   1803.0,    0.00,   200.0
   1804.0,    0.00,   200.0
   1805.0,    0.00,   200.0
   1806.0,    0.00,   200.0
   1807.0,    0.00,   200.0
   1808.0,    0.00,   200.0
   1809.0,    0.00,   200.0
   1810.0,    0.00,   200.0
   1811.0,    0.00,   200.0
   1812.0,    0.00,   200.0
   1813.0,    0.00,   200.0
   1814.0,    0.00,   200.0
   1815.0,    0.00,   200.0
   1816.0,    0.00,   200.0
   1817.0,    0.00,   200.0
   1818.0,    0.00,   200.0
   1819.0,    0.00,   200.0
   1820.0,    0.00,   200.0
   1821.0,    0.00,   200.0
   1822.0,    0.00,   200.0
   1823.0,    0.00,   200.0
   1824.0,    0.00,   200.0
   1825.0,    0.00,   200.0
   1826.0,    0.00,   200.0
   1827.0,    0.00,   200.0
   1828.0,    0.00,   200.0
   1829.0,    0.00,   200.0
   1830.0,    0.00,   200.0
   1831.0,    0.00,   200.0
   1832.0,    0.00,   200.0
   1833.0,    0.00,   200.0
   1834.0,    0.00,   200.0
   1835.0,    0.00,   200.0
   1836.0,    0.00,   200.0
   1837.0,    0.00,   200.0
   1838.0,    0.00,   200.0
   1839.0,    0.00,   200.0
   1840.0,    0.00,   200.0
   1841.0,    0.00,   200.0
   1842.0,    0.00,   200.0
   1843.0,    0.00,   200.0
   1844.0,    0.00,   200.0
   1845.0,    0.00,   200.0
   1846.0,    0.00,   200.0
   1847.0,    0.00,   200.0
   1848.0,    0.00,   200.0
   1849.0,    0.00,   200.0
   1850.0,    0.00,   200.0
   1851.0,    0.00,   200.0
   1852.0,    0.00,   200.0
   1853.0,    0.00,   200.0
   1854.0,    0.00,   200.0
   1855.0,    0.00,   200.0
   1856.0,    0.00,   200.0
   1857.0,    0.00,   200.0
   1858.0,    0.00,   200.0
   1859.0,    0.00,   200.0
   1860.0,    0.00,   200.0
   1861.0,    0.00,   200.0
   1862.0,    0.00,   200.0
   1863.0,    0.00,   200.0
   1864.0,    0.00,   200.0
   1865.0,    0.00,   200.0
   1866.0,    0.17,   201.0
   1867.0,    0.14,   242.6
   1868.0,    0.26,   215.6
   1869.0,    0.64,   201.7
   1870.0,    0.60,   232.0
   1871.0,    0.46,   267.2
   1872.0,    0.31,   294.8
   1873.0,    0.25,   308.5
   1874.0,    0.25,   308.6
   1875.0,    0.76,   200.3
   1876.0,    0.89,   200.0
   1877.0,    0.89,   200.7
   1878.0,    1.02,   200.0
   1879.0,    1.40,   200.0
   1880.0,    1.39,   201.0
   1881.0,    1.78,   200.0
   1882.0,    1.96,   215.2
   1883.0,    2.01,   238.1
   1884.0,    1.90,   250.3
   1885.0,    2.96,   212.5
   1886.0,    3.11,   210.1
   1887.0,    3.78,   200.1
   1888.0,    4.03,   200.1
   1889.0,    3.98,   202.8
   1890.0,    3.93,   205.5
   1891.0,    3.88,   208.1
   1892.0,    4.22,   203.2
   1893.0,    4.16,   206.0
   1894.0,    4.11,   208.5
   1895.0,    4.07,   210.8
   1896.0,    4.03,   212.9
   1897.0,    3.99,   215.1
   1898.0,    3.95,   217.2
   1899.0,    3.91,   219.3
   1900.0,    5.55,   200.1
   1901.0,    6.44,   200.1
   1902.0,    6.32,   204.1
   1903.0,    6.23,   207.0
   1904.0,    6.14,   209.9
   1905.0,    6.04,   213.3
   1906.0,    5.96,   216.2
   1907.0,    6.09,   215.8
   1908.0,    6.42,   212.8
   1909.0,    6.34,   215.4
   1910.0,    6.26,   218.1
   1911.0,    6.18,   221.0
   1912.0,    6.11,   223.4
   1913.0,    6.06,   225.4
   1914.0,    6.01,   227.3
   1915.0,    5.97,   228.8
   1916.0,    5.94,   229.8
   1917.0,    6.48,   222.4
   1918.0,    6.44,   223.9
   1919.0,    7.17,   215.3
   1920.0,    7.69,   210.7
   1921.0,    7.96,   209.9
   1922.0,    7.81,   213.8
   1923.0,    7.69,   217.2
   1924.0,    7.59,   220.1
   1925.0,    7.70,   220.2
   1926.0,    8.60,   212.0
   1927.0,    8.66,   213.4
   1928.0,    8.72,   214.9
   1929.0,    8.60,   217.8
   1930.0,    8.53,   219.7
   1931.0,    8.48,   220.8
   1932.0,    8.45,   221.8
   1933.0,    8.41,   222.7
   1934.0,    8.38,   223.6
   1935.0,    8.34,   224.5
   1936.0,    8.31,   225.4
   1937.0,    8.29,   226.0
   1938.0,    8.26,   226.8
   1939.0,    8.23,   227.7
   1940.0,    8.20,   228.5
   1941.0,    8.17,   229.2
   1942.0,    8.89,   222.1
   1943.0,    9.78,   214.9
   1944.0,    9.68,   217.3
   1945.0,    9.60,   218.9
   1946.0,    9.54,   220.4
   1947.0,    9.47,   222.0
   1948.0,    9.42,   223.2
   1949.0,    9.38,   224.1
   1950.0,    9.34,   225.0
   1951.0,    9.31,   225.8
   1952.0,    9.28,   226.5
   1953.0,    9.25,   227.2
   1954.0,    9.23,   227.8
   1955.0,    9.20,   228.4
   1956.0,    9.18,   229.1
   1957.0,    9.34,   227.8
   1958.0,    9.31,   228.6
   1959.0,    9.28,   229.3
   1960.0,    9.25,   230.1
   1961.0,    9.21,   231.0
   1962.0,    9.17,   232.0
   1963.0,    9.13,   233.0
   1964.0,    9.09,   234.1
   1965.0,    9.59,   229.7
   1966.0,    9.54,   231.1
   1967.0,    9.49,   232.3
   1968.0,    9.43,   233.6
   1969.0,    9.40,   234.5
   1970.0,    9.37,   235.1
   1971.0,    9.35,   235.7
   1972.0,    9.33,   236.2
   1973.0,    9.31,   236.6
   1974.0,    9.30,   237.0
   1975.0,    9.27,   237.7
   1976.0,    9.24,   238.5
   1977.0,    9.21,   239.2
   1978.0,    9.18,   239.9
   1979.0,    9.15,   240.7
   1980.0,   10.03,   232.4
   1981.0,    9.96,   234.0
   1982.0,    9.88,   235.8
   1983.0,    9.81,   237.7
   1984.0,    9.72,   239.9
   1985.0,    9.62,   242.3
   1986.0,    9.55,   244.1
   1987.0,    9.50,   245.3
   1988.0,    9.63,   244.6
   1989.0,   10.31,   238.5
   1990.0,   10.62,   236.1
   1991.0,   10.76,   235.5
   1992.0,   10.71,   236.6
   1993.0,   10.66,   237.7
   1994.0,   10.61,   238.8
   1995.0,   10.56,   239.9
   1996.0,   10.52,   240.8
   1997.0,   10.49,   241.6
   1998.0,   10.45,   242.5
   1999.0,   10.41,   243.4
   2000.0,   10.73,   240.9
   2001.0,   10.70,   241.6
   2002.0,   10.67,   242.2
   2003.0,   12.10,   230.4
   2004.0,   12.03,   231.8
   2005.0,   11.95,   233.3
   2006.0,   12.23,   232.1
   2007.0,   12.68,   229.8
   2008.0,   12.94,   229.2
   2009.0,   12.83,   231.2
   2010.0,   12.73,   233.0
   2011.0,   12.63,   234.9
   2012.0,   12.54,   236.5
   2013.0,   12.47,   237.8
   2014.0,   12.41,   239.0
   2015.0,   12.36,   239.9
   2016.0,   12.32,   240.7
   2017.0,   12.28,   241.4
   2018.0,   12.25,   242.2
   2019.0,   12.21,   243.0
   2020.0,   12.16,   243.9
   2021.0,   12.11,   244.9
   2022.0,   22.05,   200.1
   2023.0,   24.59,   200.1
   2024.0,   24.01,   205.0
   2025.0,   23.55,   209.0
   2026.0,   23.21,   212.0
   2027.0,   22.90,   214.9
   2028.0,   22.58,   217.9
   2029.0,   22.31,   220.6
   2030.0,   22.07,   223.0
   2031.0,   21.84,   225.3
   2032.0,   22.91,   222.6
   2033.0,   22.77,   225.0
   2034.0,   22.43,   228.4
   2035.0,   22.08,   232.1
   2036.0,   21.70,   236.1
   2037.0,   21.37,   239.8
   2038.0,   21.11,   242.8
   2039.0,   20.89,   245.3
   2040.0,   20.73,   247.3
   2041.0,   20.60,   248.8
   2042.0,   20.45,   250.6
   2043.0,   20.45,   251.8
   2044.0,   20.31,   253.6
   2045.0,   20.19,   255.0
   2046.0,   20.09,   256.3
   2047.0,   20.00,   257.5
   2048.0,   19.91,   258.6
   2049.0,   19.84,   259.6
   2050.0,   19.76,   260.6
   2051.0,   19.68,   261.7
   2052.0,   19.59,   262.9
   2053.0,   19.50,   264.1
   2054.0,   19.42,   265.2
   2055.0,   19.34,   266.2
   2056.0,   19.28,   267.1
   2057.0,   19.22,   268.0
   2058.0,   19.16,   268.8
   2059.0,   19.10,   269.6
   2060.0,   19.03,   270.7
   2061.0,   18.95,   271.8
   2062.0,   18.87,   273.0
   2063.0,   18.94,   273.3
   2064.0,   18.85,   274.6
   2065.0,   19.09,   273.7
   2066.0,   19.03,   274.7
   2067.0,   18.98,   275.4
   2068.0,   18.94,   276.0
   2069.0,   18.89,   276.6
   2070.0,   18.85,   277.3
   2071.0,   18.81,   277.9
   2072.0,   18.77,   278.5
   2073.0,   18.72,   279.1
   2074.0,   18.66,   280.1
   2075.0,   18.58,   281.3
   2076.0,   18.50,   282.5
   2077.0,   18.41,   283.9
   2078.0,   18.33,   285.1
   2079.0,   18.25,   286.4
   2080.0,   18.31,   286.7
   2081.0,   18.21,   288.5
   2082.0,   18.10,   290.1
   2083.0,   18.01,   291.6
   2084.0,   17.92,   293.0
   2085.0,   18.00,   293.2
   2086.0,   17.94,   294.2
   2087.0,   17.88,   295.2
   2088.0,   17.82,   296.1
   2089.0,   18.06,   295.0
   2090.0,   17.98,   296.3
   2091.0,   17.89,   297.7
   2092.0,   17.80,   299.3
   2093.0,   17.71,   300.9
   2094.0,   17.61,   302.6
   2095.0,   17.51,   304.3
   2096.0,   17.55,   305.1
   2097.0,   17.44,   307.0
   2098.0,   17.33,   309.0
   2099.0,   17.22,   310.9
   2100.0,   17.39,   310.8
   2101.0,   17.27,   312.8
   2102.0,   17.18,   314.6
   2103.0,   17.08,   316.3
   2104.0,   17.00,   317.9
   2105.0,   16.93,   319.1
   2106.0,   17.02,   319.0
   2107.0,   16.96,   320.0
   2108.0,   16.91,   321.1
   2109.0,   16.85,   322.3
   2110.0,   16.77,   323.8
   2111.0,   15.46,   342.8
   2112.0,   13.61,   360.6
   2113.0,   11.93,   373.9
   2114.0,   11.16,   382.2
   2115.0,   11.15,   382.5
   2116.0,   11.26,   381.1
   2117.0,   11.25,   381.4
   2118.0,   11.24,   381.8
   2119.0,   11.17,   383.7
   2120.0,   11.09,   385.9
   2121.0,   11.08,   386.3
   2122.0,   10.87,   389.2
   2123.0,    9.99,   395.3
   2124.0,    9.14,   399.8
   2125.0,    8.27,   403.0
   2126.0,    7.41,   405.1
   2127.0,    6.62,   406.4
   2128.0,    6.00,   407.0
   2129.0,    5.50,   407.3
   2130.0,    4.50,   407.4
   2131.0,    3.62,   407.4
   2132.0,    3.83,   392.5
   2133.0,    3.83,   392.6
   2134.0,    3.81,   393.5
   2135.0,    3.48,   385.3
   2136.0,    2.74,   389.0
   2137.0,    1.55,   391.5
   2138.0,    0.00,   392.7
   2139.0,    0.00,   392.7
   2140.0,    0.00,   392.7
   2141.0,    0.00,   392.7
   2142.0,    0.00,   392.7
   2143.0,    0.00,   200.0
   2144.0,    0.00,   200.0
   2145.0,    0.00,   200.0
   2146.0,    0.00,   200.0
   2147.0,    0.00,   200.0
   2148.0,    0.00,   200.0
   2149.0,    0.00,   200.0
   2150.0,    0.00,   200.0
   2151.0,    0.00,   200.0
   2152.0,    0.00,   200.0
   2153.0,    0.00,   200.0
   2154.0,    0.00,   200.0
   2155.0,    0.00,   200.0
   2156.0,    0.00,   200.0
   2157.0,    0.00,   200.0
   2158.0,    0.00,   200.0
   2159.0,    0.00,   200.0
   2160.0,    0.00,   200.0
   2161.0,    0.00,   200.0
   2162.0,    0.00,   200.0
   2163.0,    0.00,   200.0
   2164.0,    0.00,   200.0
   2165.0,    0.00,   200.0
   2166.0,    0.00,   200.0
   2167.0,    0.00,   200.0
   2168.0,    0.00,   200.0
   2169.0,    0.00,   200.0
   2170.0,    0.00,   200.0
   2171.0,    0.00,   200.0
   2172.0,    0.00,   200.0
   2173.0,    0.00,   200.0
   2174.0,    0.00,   200.0
   2175.0,    0.00,   200.0
   2176.0,    0.00,   200.0
   2177.0,    0.00,   200.0
   2178.0,    0.00,   200.0
   2179.0,    0.00,   200.0
   2180.0,    0.00,   200.0
   2181.0,    0.00,   200.0
   2182.0,    0.00,   200.0
   2183.0,    0.00,   200.0
   2184.0,    0.00,   200.0
   2185.0,    0.00,   200.0
   2186.0,    0.00,   200.0
   2187.0,    0.00,   200.0
   2188.0,    0.00,   200.0
   2189.0,    0.00,   200.0
   2190.0,    0.00,   200.0
   2191.0,    0.00,   200.0
   2192.0,    0.00,   200.0
   2193.0,    0.00,   200.0
   2194.0,    0.00,   200.0
   2195.0,    0.00,   200.0
   2196.0,    0.00,   200.0
   2197.0,    0.00,   200.0
   2198.0,    0.00,   200.0
   2199.0,    0.00,   200.0
   2200.0,    0.00,   200.0
   2201.0,    0.00,   200.0
   2202.0,    0.00,   200.0
   2203.0,    0.00,   200.0
   2204.0,    0.00,   200.0
   2205.0,    0.00,   200.0
   2206.0,    0.00,   200.0
   2207.0,    0.00,   200.0
   2208.0,    0.00,   200.0
   2209.0,    0.00,   200.0
   2210.0,    0.00,   200.0
   2211.0,    0.00,   200.0
   2212.0,    0.00,   200.0
   2213.0,    0.00,   200.0
   2214.0,    0.00,   200.0
   2215.0,    0.00,   200.0
   2216.0,    0.00,   200.0
   2217.0,    0.00,   200.0
   2218.0,    0.00,   200.0
   2219.0,    0.00,   200.0
   2220.0,    0.00,   200.0
   2221.0,    0.00,   200.0
   2222.0,    0.00,   200.0
   2223.0,    0.00,   200.0
   2224.0,    0.00,   200.0
   2225.0,    0.00,   200.0
   2226.0,    0.00,   200.0
   2227.0,    0.00,   200.0
   2228.0,    0.00,   200.0
   2229.0,    0.00,   200.0
   2230.0,    0.00,   200.0
   2231.0,    0.00,   200.0
   2232.0,    0.00,   200.0
   2233.0,    0.00,   200.0
   2234.0,    0.00,   200.0
   2235.0,    0.00,   200.0
   2236.0,    0.00,   200.0
   2237.0,    0.00,   200.0
   2238.0,    0.22,   201.0
   2239.0,    0.80,   201.6
   2240.0,    0.60,   242.3
   2241.0,    0.45,   275.3
   2242.0,    0.19,   301.2
   2243.0,    0.00,   308.1
   2244.0,    0.00,   200.0
   2245.0,    0.00,   200.0
   2246.0,    0.00,   200.0
   2247.0,    0.00,   200.0
   2248.0,    0.00,   200.0
   2249.0,    0.20,   201.0
   2250.0,    0.14,   242.6
   2251.0,    0.18,   231.5
   2252.0,    0.00,   256.6
   2253.0,    0.00,   200.0
   2254.0,    0.00,   200.0
   2255.0,    0.00,   200.0
   2256.0,    0.00,   200.0
   2257.0,    0.00,   200.0
   2258.0,    0.00,   200.0
   2259.0,    0.00,   200.0
   2260.0,    0.00,   200.0
   2261.0,    0.00,   200.0
   2262.0,    0.00,   200.0
   2263.0,    0.00,   200.0
   2264.0,    0.00,   200.0
   2265.0,    0.00,   200.0
   2266.0,    0.00,   200.0
   2267.0,    0.00,   200.0
   2268.0,    0.00,   200.0
   2269.0,    0.37,   200.0
   2270.0,    0.63,   200.0
   2271.0,    0.63,   200.5
   2272.0,    1.01,   200.0
   2273.0,    1.14,   200.0
   2274.0,    1.64,   200.0
   2275.0,    2.02,   200.0
   2276.0,    2.01,   201.5
   2277.0,    2.00,   202.8
   2278.0,    1.99,   203.9
   2279.0,    1.98,   205.1
   2280.0,    1.96,   206.3
   2281.0,    1.95,   207.4
   2282.0,    2.97,   204.5
   2283.0,    2.71,   239.3
   2284.0,    2.61,   264.7
   2285.0,    2.52,   273.8
   2286.0,    2.52,   274.3
   2287.0,    2.51,   274.9
   2288.0,    2.51,   275.3
   2289.0,    3.00,   256.0
   2290.0,    3.69,   235.6
   2291.0,    3.67,   236.7
   2292.0,    4.97,   210.4
   2293.0,    5.12,   209.3
   2294.0,    5.08,   211.0
   2295.0,    6.88,   200.1
   2296.0,    7.64,   200.1
   2297.0,    7.52,   203.2
   2298.0,    7.40,   206.5
   2299.0,    7.29,   209.5
   2300.0,    7.21,   212.0
   2301.0,    7.15,   213.8
   2302.0,    7.09,   215.6
   2303.0,    7.02,   217.8
   2304.0,    6.94,   220.2
   2305.0,    7.25,   217.8
   2306.0,    7.18,   220.1
   2307.0,    7.12,   222.0
   2308.0,    7.07,   223.5
   2309.0,    7.02,   225.0
   2310.0,    7.75,   217.0
   2311.0,    8.30,   211.8
   2312.0,    8.25,   213.1
   2313.0,    8.39,   212.5
   2314.0,    8.34,   213.8
   2315.0,    8.29,   215.0
   2316.0,    8.24,   216.2
   2317.0,    8.20,   217.4
   2318.0,    8.17,   218.3
   2319.0,    8.14,   219.0
   2320.0,    8.11,   219.8
   2321.0,    8.09,   220.5
   2322.0,    8.06,   221.1
   2323.0,    8.04,   221.8
   2324.0,    8.00,   222.9
   2325.0,    7.95,   224.3
   2326.0,    8.06,   224.2
   2327.0,    8.56,   220.0
   2328.0,    8.51,   221.3
   2329.0,    8.45,   222.9
   2330.0,    8.37,   225.2
   2331.0,    8.28,   227.5
   2332.0,    8.22,   229.2
   2333.0,    8.17,   230.6
   2334.0,    8.32,   229.5
   2335.0,    8.28,   230.7
   2336.0,    8.23,   232.2
   2337.0,    8.54,   229.6
   2338.0,    8.66,   229.2
   2339.0,    9.55,   221.2
   2340.0,    9.49,   222.6
   2341.0,    9.64,   221.9
   2342.0,    9.59,   223.1
   2343.0,   10.31,   217.3
   2344.0,   12.38,   203.4
   2345.0,   12.33,   206.4
   2346.0,   16.76,   200.3
   2347.0,   15.89,   211.3
   2348.0,   15.40,   218.0
   2349.0,   15.09,   222.4
   2350.0,   15.22,   223.9
   2351.0,   15.76,   222.7
   2352.0,   15.58,   226.9
   2353.0,   15.13,   233.6
   2354.0,   15.00,   237.3
   2355.0,   14.78,   240.9
   2356.0,   15.69,   236.7
   2357.0,   15.54,   238.9
   2358.0,   15.45,   240.3
   2359.0,   15.38,   241.4
   2360.0,   15.32,   242.3
   2361.0,   15.28,   243.1
   2362.0,   15.23,   243.8
   2363.0,   15.18,   244.7
   2364.0,   15.14,   245.3
   2365.0,   15.11,   245.8
   2366.0,   15.07,   246.4
   2367.0,   15.02,   247.2
   2368.0,   14.98,   247.8
   2369.0,   14.94,   248.5
   2370.0,   15.06,   248.2
   2371.0,   15.00,   249.3
   2372.0,   14.92,   250.6
   2373.0,   14.83,   252.1
   2374.0,   14.75,   253.5
   2375.0,   14.64,   255.3
   2376.0,   14.49,   258.0
   2377.0,   14.37,   260.2
   2378.0,   14.26,   262.2
   2379.0,   14.14,   264.4
   2380.0,   14.05,   266.0
   2381.0,   13.98,   267.5
   2382.0,   13.89,   269.1
   2383.0,   13.82,   270.5
   2384.0,   13.94,   270.1
   2385.0,   14.07,   269.4
   2386.0,   14.36,   267.4
   2387.0,   14.48,   266.9
   2388.0,   14.45,   267.5
   2389.0,   14.42,   268.1
   2390.0,   14.38,   268.9
   2391.0,   14.34,   269.6
   2392.0,   14.31,   270.2
   2393.0,   14.28,   270.6
   2394.0,   14.26,   271.1
   2395.0,   14.72,   267.7
   2396.0,   14.85,   267.1
   2397.0,   15.65,   261.6
   2398.0,   15.62,   262.2
   2399.0,   16.43,   256.9
   2400.0,   17.58,   250.2
   2401.0,   19.09,   242.4
   2402.0,   19.87,   239.3
   2403.0,   19.74,   240.8
   2404.0,   19.63,   242.2
   2405.0,   19.87,   241.8
   2406.0,   19.75,   243.3
   2407.0,   19.61,   245.0
   2408.0,   19.49,   246.6
   2409.0,   19.40,   247.8
   2410.0,   19.49,   247.9
   2411.0,   19.57,   248.1
   2412.0,   19.65,   248.5
   2413.0,   20.86,   243.8
   2414.0,   20.63,   247.8
   2415.0,   20.24,   252.5
   2416.0,   20.55,   252.4
   2417.0,   20.43,   253.9
   2418.0,   20.33,   255.1
   2419.0,   20.25,   256.2
   2420.0,   20.18,   256.9
   2421.0,   20.14,   257.5
   2422.0,   20.09,   258.1
   2423.0,   20.05,   258.7
   2424.0,   20.32,   257.8
   2425.0,   20.71,   256.5
   2426.0,   20.58,   258.2
   2427.0,   20.61,   259.0
   2428.0,   20.47,   260.9
   2429.0,   20.34,   262.5
   2430.0,   20.24,   263.8
   2431.0,   20.17,   264.7
   2432.0,   20.09,   265.7
   2433.0,   20.01,   266.8
   2434.0,   19.94,   267.8
   2435.0,   19.87,   268.6
   2436.0,   19.80,   269.6
   2437.0,   19.73,   270.6
   2438.0,   19.67,   271.5
   2439.0,   19.59,   272.5
   2440.0,   19.48,   274.1
   2441.0,   19.34,   276.0
   2442.0,   19.22,   277.7
   2443.0,   19.11,   279.3
   2444.0,   19.00,   281.0
   2445.0,   18.88,   282.7
   2446.0,   18.75,   284.7
   2447.0,   18.62,   286.7
   2448.0,   18.51,   288.4
   2449.0,   18.42,   289.8
   2450.0,   18.33,   291.3
   2451.0,   18.24,   292.7
   2452.0,   18.15,   294.1
   2453.0,   18.06,   295.5
   2454.0,   17.99,   296.7
   2455.0,   17.94,   297.6
   2456.0,   17.89,   298.5
   2457.0,   17.83,   299.4
   2458.0,   17.77,   300.4
   2459.0,   17.70,   301.6
   2460.0,   17.64,   302.7
   2461.0,   17.58,   303.7
   2462.0,   17.53,   304.5
   2463.0,   17.49,   305.2
   2464.0,   17.44,   306.0
   2465.0,   17.39,   306.9
   2466.0,   17.34,   307.9
   2467.0,   17.28,   308.9
   2468.0,   17.22,   310.1
   2469.0,   17.15,   311.4
   2470.0,   17.07,   312.7
   2471.0,   17.00,   314.0
   2472.0,   17.21,   313.1
   2473.0,   17.27,   313.5
   2474.0,   17.18,   315.1
   2475.0,   17.10,   316.6
   2476.0,   17.03,   318.0
   2477.0,   16.97,   319.1
   2478.0,   17.18,   318.1
   2479.0,   17.66,   315.3
   2480.0,   17.56,   317.0
   2481.0,   17.46,   318.9
   2482.0,   17.49,   319.7
   2483.0,   18.20,   315.7
   2484.0,   18.09,   317.7
   2485.0,   17.99,   319.4
   2486.0,   18.32,   317.8
   2487.0,   18.23,   319.4
   2488.0,   18.13,   321.0
   2489.0,   17.89,   325.4
   2490.0,   22.03,   315.5
   2491.0,   23.38,   312.4
   2492.0,   22.80,   320.3
   2493.0,   21.05,   345.9
   2494.0,   20.42,   360.9
   2495.0,   19.83,   373.4
   2496.0,   18.95,   386.7
   2497.0,   18.58,   392.6
   2498.0,   18.55,   393.1
   2499.0,   18.53,   393.6
   2500.0,   18.51,   394.0
   2501.0,   18.49,   394.5
   2502.0,   18.47,   394.9
   2503.0,   18.45,   395.4
   2504.0,   18.42,   395.9
   2505.0,   18.40,   396.3
   2506.0,   18.16,   400.3
   2507.0,   17.42,   407.2
   2508.0,   16.93,   412.1
   2509.0,   16.92,   412.5
   2510.0,   16.91,   412.8
   2511.0,   16.65,   416.2
   2512.0,   16.28,   418.2
   2513.0,   15.56,   420.5
   2514.0,   14.58,   422.0
   2515.0,   13.22,   422.7
   2516.0,   11.19,   422.7
   2517.0,    8.76,   422.7
   2518.0,    6.39,   422.7
   2519.0,    3.49,   422.7
   2520.0,    0.09,   422.7
   2521.0,    0.00,   422.7
   2522.0,    0.00,   200.0
   2523.0,    0.00,   200.0
   2524.0,    0.00,   200.0
   2525.0,    0.00,   200.0
   2526.0,    0.00,   200.0
   2527.0,    0.00,   200.0
   2528.0,    0.00,   200.0
   2529.0,    0.00,   200.0
   2530.0,    0.00,   200.0
   2531.0,    0.00,   200.0
   2532.0,    0.00,   200.0
   2533.0,    0.00,   200.0
   2534.0,    0.00,   200.0
   2535.0,    0.00,   200.0
   2536.0,    0.00,   200.0
   2537.0,    0.00,   200.0
   2538.0,    0.00,   200.0
   2539.0,    0.00,   200.0
   2540.0,    0.00,   200.0
   2541.0,    0.00,   200.0
   2542.0,    0.00,   200.0
   2543.0,    0.00,   200.0
   2544.0,    0.00,   200.0
   2545.0,    0.00,   200.0
   2546.0,    0.00,   200.0
   2547.0,    0.00,   200.0
   2548.0,    0.00,   200.0
   2549.0,    0.00,   200.0
   2550.0,    0.00,   200.0
   2551.0,    0.00,   200.0
   2552.0,    0.00,   200.0
   2553.0,    0.00,   200.0
   2554.0,    0.00,   200.0
   2555.0,    0.00,   200.0
   2556.0,    0.00,   200.0
   2557.0,    0.00,   200.0
